subsample,reg_lambda,num_leaves,n_estimators,min_child_samples,learning_rate,colsample_bytree,mae,mape
1.0000,0.0000,127,600,10,0.1000,0.8000,381653.0425,16.3429
1.0000,1.0000,127,1000,20,0.1000,0.6000,387883.4916,16.6669
0.9000,5.0000,127,300,20,0.0500,0.6000,389992.7026,16.7394
0.7000,0.0000,63,300,10,0.1000,0.8000,391432.9662,16.9053
0.7000,1.0000,63,600,20,0.0500,1.0000,392093.4598,16.8750
0.9000,5.0000,127,1000,50,0.0200,0.8000,392690.7091,16.8543
0.9000,0.0000,63,1000,50,0.1000,0.6000,396061.2761,17.0907
0.9000,1.0000,31,300,20,0.1000,0.6000,400849.8074,17.4795
0.7000,0.0000,31,600,50,0.1000,1.0000,401962.0533,17.4138
0.7000,5.0000,15,1000,20,0.0500,0.8000,403076.5794,17.5724
1.0000,0.0000,31,1000,20,0.0200,1.0000,406508.5076,17.6796
0.7000,5.0000,31,300,20,0.0500,1.0000,409211.8158,17.8726
0.7000,0.0000,127,300,50,0.0200,0.8000,412015.6438,17.8401
0.9000,1.0000,63,300,20,0.0200,0.6000,413591.6873,18.0051
1.0000,1.0000,31,600,20,0.0200,0.8000,413937.7772,18.1258
1.0000,1.0000,31,600,50,0.0200,0.8000,415747.0674,18.1802
0.7000,1.0000,15,300,50,0.0500,0.8000,425748.6845,18.8089
0.7000,5.0000,15,300,10,0.0500,0.6000,426603.1549,18.8346
0.7000,5.0000,31,300,20,0.0200,0.8000,427993.1429,18.8588
0.7000,0.0000,31,300,50,0.0200,1.0000,429306.1004,18.9188
