fold,n,mae,rmse,mape,model
0,3378,630405.3788,1240241.0600,30.1072,baseline
1,3378,643675.1024,1233143.7813,29.4661,baseline
2,3378,639660.6950,1277003.9857,29.8099,baseline
3,3378,641711.8766,1302894.0651,29.3544,baseline
4,3378,679314.6890,1407699.4528,30.4964,baseline
0,3378,505647.0394,1034610.0899,23.4935,ridge
1,3378,525522.0369,1093740.8191,23.5598,ridge
2,3378,502522.1804,1031788.1667,23.2566,ridge
3,3378,502674.5552,1063215.5181,22.8058,ridge
4,3378,524408.9687,1104244.5375,23.6254,ridge
0,3378,387239.6227,885496.0937,16.9122,random_forest
1,3378,407150.5678,914134.2207,17.4427,random_forest
2,3378,392455.6647,919421.2312,16.6328,random_forest
3,3378,398790.2428,947648.3945,16.9871,random_forest
4,3378,409361.7567,933482.1995,17.1772,random_forest
0,3378,367291.6019,867696.7961,15.9302,lightgbm
1,3378,387011.2969,873297.4874,16.4262,lightgbm
2,3378,368557.7301,867251.2232,15.5612,lightgbm
3,3378,368899.6906,867307.1849,15.8885,lightgbm
4,3378,379070.4397,855011.0454,16.3228,lightgbm
0,3378,372182.4165,875099.1664,16.2123,lightgbm_barrio
1,3378,392845.9191,858430.3322,16.8492,lightgbm_barrio
2,3378,373203.7844,876698.5328,16.0960,lightgbm_barrio
3,3378,369616.3226,863329.8620,16.0513,lightgbm_barrio
4,3378,393534.4437,901730.7829,16.7546,lightgbm_barrio
