comuna_name,estrato,n,median_rent_per_m2,q25_rent_per_m2,q75_rent_per_m2,median_rent
ALTAVISTA,2,4,23941,18421,27019,1700000
ALTAVISTA,3,10,18462,15917,20477,1100000
ALTAVISTA,4,22,20345,17351,24107,1275000
ALTAVISTA,5,34,26364,23788,29605,1825000
ALTAVISTA,6,11,24638,23842,25357,1700000
ARANJUEZ,2,16,16527,10938,19959,800000
ARANJUEZ,3,38,14590,12087,17667,700000
BELEN,2,26,18149,15833,23841,1200000
BELEN,3,305,18333,15000,21538,1100000
BELEN,4,356,20000,18168,23103,1300000
BELEN,5,335,21538,18636,25661,1600000
BELEN,6,7,19685,19426,21750,2300000
BUENOS AIRES,2,6,22896,19417,23281,1550000
BUENOS AIRES,3,184,16364,13607,18571,750000
BUENOS AIRES,4,148,23274,20896,26236,1500000
BUENOS AIRES,5,22,30536,25441,44344,2025000
BUENOS AIRES,6,23,22289,16906,29241,2500000
CASTILLA,3,38,11667,8155,13971,800000
CASTILLA,4,3,36667,28333,40152,2200000
DOCE DE OCTUBRE,1,4,13462,10000,19776,825000
DOCE DE OCTUBRE,2,4,10284,10167,10940,530000
DOCE DE OCTUBRE,3,2,22500,21250,23750,1350000
EL POBLADO,2,5,28947,28365,30000,2950000
EL POBLADO,3,16,28150,22431,30940,2600000
EL POBLADO,4,120,24833,20992,29256,2500000
EL POBLADO,5,356,26667,22979,32184,2250000
EL POBLADO,6,1652,27424,22849,34000,2700000
GUAYABAL,2,3,18254,15377,18294,1100000
GUAYABAL,3,45,23913,17105,34286,1600000
GUAYABAL,4,50,20333,16354,29792,1300000
GUAYABAL,5,2,27406,24703,30109,6350000
GUAYABAL,6,3,53333,39647,56667,3000000
LA AMERICA,2,1,14808,14808,14808,770000
LA AMERICA,3,121,17692,15714,21429,1000000
LA AMERICA,4,346,18750,16250,21721,1200000
LA AMERICA,5,385,18391,16000,21667,1280000
LA CANDELARIA,2,3,18667,17288,21299,1400000
LA CANDELARIA,3,61,20652,16364,25000,1050000
LA CANDELARIA,4,183,19200,16258,21442,1000000
LA CANDELARIA,5,53,23333,21111,27500,1700000
LA CANDELARIA,6,4,39330,24286,54375,3025000
LAURELES,2,1,34286,34286,34286,1200000
LAURELES,3,8,20422,14534,24061,1450000
LAURELES,4,369,21429,18750,24627,1450000
LAURELES,5,958,21682,18125,26000,1700000
LAURELES,6,27,24000,21200,28750,2300000
MANRIQUE,1,1,16337,16337,16337,1650000
MANRIQUE,2,16,19712,12556,30938,1125000
MANRIQUE,3,15,16727,13502,21250,950000
MANRIQUE,4,4,23052,21780,24945,1350000
MANRIQUE,6,3,23377,23377,23593,1800000
POPULAR,1,5,28947,27692,35333,5300000
POPULAR,2,4,18382,16985,25053,1250000
POPULAR,5,2,45064,44199,45929,3450000
POPULAR,6,1,50000,50000,50000,2050000
ROBLEDO,1,4,15581,12917,17273,850000
ROBLEDO,2,33,15323,11321,18333,760000
ROBLEDO,3,181,15672,13529,17742,800000
ROBLEDO,4,143,23571,19333,26667,1500000
ROBLEDO,5,27,19872,17708,22917,1450000
ROBLEDO,6,4,17917,17500,18977,1075000
SAN ANTONIO DE PRADO,3,68,15000,13829,16776,750000
SAN CRISTOBAL,2,3,17857,16429,17912,730000
SAN CRISTOBAL,3,17,17857,16667,18571,800000
SAN CRISTOBAL,4,35,21053,20000,23245,1300000
SAN JAVIER,1,2,24879,21190,28569,2025000
SAN JAVIER,2,12,14596,11771,17967,715000
SAN JAVIER,3,72,16307,13718,20000,900000
SAN JAVIER,4,49,20149,16964,21750,1150000
SAN JAVIER,6,1,16346,16346,16346,850000
SANTA CRUZ,2,12,22033,12125,25368,1550000
SANTA CRUZ,3,2,14167,14167,14167,850000
SANTA ELENA,2,2,26875,22812,30938,1075000
SANTA ELENA,3,1,18462,18462,18462,1200000
SANTA ELENA,4,1,23030,23030,23030,3800000
SANTA ELENA,5,2,19616,19267,19964,2400000
SANTA ELENA,6,10,31796,26603,32381,3050000
VILLA HERMOSA,1,2,23786,18658,28914,2175000
VILLA HERMOSA,2,5,11333,10938,11333,800000
VILLA HERMOSA,3,36,14956,12269,19280,930000
VILLA HERMOSA,4,4,18126,15999,19423,775000
VILLA HERMOSA,6,2,40846,32423,49269,3375000
