comuna_code,comuna_name,n,median_rent_per_m2,q25_rent_per_m2,q75_rent_per_m2,median_rent
01,POPULAR,12,32140,22690,42976,2650000
14,EL POBLADO,2332,26992,22667,33333,2600000
90,SANTA ELENA,18,24750,19064,32350,2650000
70,ALTAVISTA,81,24000,20769,26667,1500000
15,GUAYABAL,109,22000,16964,32500,1400000
11,LAURELES,1478,21622,18235,25676,1600000
03,MANRIQUE,39,20192,14531,23690,1200000
10,LA CANDELARIA,312,20000,16667,24295,1150000
16,BELEN,1041,20000,17143,23636,1300000
60,SAN CRISTOBAL,55,20000,17621,21758,1100000
09,BUENOS AIRES,394,19750,16000,24472,1135000
02,SANTA CRUZ,14,18699,12917,24938,1375000
12,LA AMERICA,857,18462,16000,21667,1200000
13,SAN JAVIER,140,17872,14259,21038,950000
07,ROBLEDO,421,17442,15000,22436,1000000
04,ARANJUEZ,59,15294,11425,17778,750000
08,VILLA HERMOSA,52,15000,11840,19571,905000
80,SAN ANTONIO DE PRADO,68,15000,13829,16776,750000
05,CASTILLA,44,11943,9068,14963,875000
06,DOCE DE OCTUBRE,10,11536,10056,19231,800000
